age_bin,count,percentage
30-34,2,0.91324200913242
35-39,1,0.45662100456621
40-44,3,1.36986301369863
45-49,12,5.47945205479452
50-54,20,9.1324200913242
55-59,24,10.95890410958904
60-64,27,12.32876712328767
65-69,42,19.17808219178082
70-74,30,13.698630136986301
75-79,33,15.068493150684931
80-84,20,9.1324200913242
85-89,5,2.28310502283105
